{
    "available_space": true,
    "id": "i",
    "size_max": 25.731276512145996,
    "size_mean": 8.07861047744751,
    "size_min": 2.033906936645508,
    "total_size": 403.9305238723755
}