{
    "available_space": true,
    "size_max": 25.731276512145996,
    "size_mean": 8.07861047744751,
    "size_min": 2.033906936645508,
    "total_size": 403.9305238723755,
    "video_list": {
        "I Can't Afford To Dream ~ Artie Shaw & His Orchestra (1939)-8ZaBVBQsn0Y.mp4": {
            "size": 5.881582260131836
        },
        "I Can't Go On This Way ~ Jimmy Newman (1957) (Country & Western)-SPwUqiO1pHQ.mp4": {
            "size": 4.002357482910156
        },
        "I Can't Hear You-YOhjC6rLu58.mp4": {
            "size": 5.938815116882324
        },
        "I Can't Help Myself-4h-TvtyrkoI.mp4": {
            "size": 5.877689361572266
        },
        "I Can't See You-qbPtQIpYgSc.mp4": {
            "size": 4.675451278686523
        },
        "I Can't Sleep (feat. Sarcastic Sounds)-lqTGXBT89zg.mp4": {
            "size": 3.1568355560302734
        },
        "I Can`t Get Started - ELLA FITZGERALD AND NELSON RIDDLE-0HzofomuZtI.mp4": {
            "size": 4.494930267333984
        },
        "I Don't Wanna Be A Soldier (Live at The Moore)-Hwohe7y_1js.mp4": {
            "size": 10.260489463806152
        },
        "I Feel Free-prnbF8Eagdg.mp4": {
            "size": 4.893431663513184
        },
        "I Got A Hole In My Pirogue ~ Johnny Horton  (1956)-dLyv75YOaMA.mp4": {
            "size": 5.908185958862305
        },
        "I Shawtrcwbky-qINdhh9KW0c.mp4": {
            "size": 8.971222877502441
        },
        "I Think I Need A New Heart - The Magnetic Fields-zQOrLamT0n4.mp4": {
            "size": 2.8712663650512695
        },
        "I Turned into a Martian-khVNFS3xVA8.mp4": {
            "size": 3.388493537902832
        },
        "I Walk the Line-J-6fW66IUY4.mp4": {
            "size": 3.662557601928711
        },
        "I'LL NEVER SMILE AGAIN ~ Tommy Dorsey & His Orchestra (1940)-il7DWoLySW8.mp4": {
            "size": 8.713364601135254
        },
        "I'M SO LONESOME I COULD CRY (1949) by Hank Williams-4WXYjm74WFI.mp4": {
            "size": 10.787111282348633
        },
        "I'm Above-S-l7zLwhIlU.mp4": {
            "size": 6.306007385253906
        },
        "I'm Coming Home ~ Johnny Horton  (1956)-LEfKhhaVoQo.mp4": {
            "size": 5.241018295288086
        },
        "I'm Confessin' That I Love You - Doris Day-_kZc20gU1Ak.mp4": {
            "size": 3.8383378982543945
        },
        "I'm Cryin'-I7Ypxfj5cek.mp4": {
            "size": 7.72194766998291
        },
        "I'm Mad-8xIcR6XKUCk.mp4": {
            "size": 4.827442169189453
        },
        "I'm Stickin' With You ~ Jimmy Bowen w_ The Rhythm Orchids (1957)-AMt5mmZiMJE.mp4": {
            "size": 7.704517364501953
        },
        "I've Sung One Too Many Songs for a Crowd That Didn't Want to Hear-WlrsIbcXm7o.mp4": {
            "size": 7.315157890319824
        },
        "IDLES - MOTHER (Official Video)-BuQG6_evFc8.mp4": {
            "size": 19.309171676635742
        },
        "INVASORES DE NUEVO LEON-MIL PEDAZOS-5hqPyHki4jk.mp4": {
            "size": 2.9126720428466797
        },
        "Ice Cube - It Was A Good Day (Official Video)-h4UqMyldS7Q.mp4": {
            "size": 22.748372077941895
        },
        "Iced Over (Live at Carnegie Hall, New York, NY - October 1984)-cbeNt23LAeA.mp4": {
            "size": 10.799858093261719
        },
        "If I Could See The World (Through The Eyes Of A Child) ~ Patsy Cline (1964) (Country & Western)-AaGOodVScPo.mp4": {
            "size": 5.754793167114258
        },
        "If I Didn't Care ~ The Hilltoppers (1954)(78 rpm)-9RQpNVs1eMQ.mp4": {
            "size": 6.0866804122924805
        },
        "If She Would Have Been Faithful... (2009 Remaster)-FibqNbXAjFU.mp4": {
            "size": 8.828243255615234
        },
        "Ilusiones robadas a la inocencia - Ekkaia-0LeY8gXc76U.mp4": {
            "size": 2.033906936645508
        },
        "Im Content with Losing -Underoath + Lyrics-W8N0_JZjuNE.mp4": {
            "size": 4.153543472290039
        },
        "Imagine (Remastered 2010)-rAn-AWXtHv0.mp4": {
            "size": 5.871243476867676
        },
        "In Care Of The Blues ~ Patsy Cline (1964) (Country & Western)-4uQiwycWi5E.mp4": {
            "size": 5.253364562988281
        },
        "In Flames - Episode 666-llOmqi6gKQo.mp4": {
            "size": 9.13583755493164
        },
        "In Flames - Man Made God-ObTDvMUMgr4.mp4": {
            "size": 9.543063163757324
        },
        "In Flames - Trigger (Official Video)-_ZK0Db4WWOo.mp4": {
            "size": 16.430174827575684
        },
        "In The Heart Of A Fool ~ Johnnie Ray  (1960)-90f7r2DIDIU.mp4": {
            "size": 6.7646331787109375
        },
        "Incertitude-SP7ucBksI9s.mp4": {
            "size": 10.565462112426758
        },
        "Indifference (Remastered)-vZCMgm6Z-8M.mp4": {
            "size": 4.9849748611450195
        },
        "Innervision-jjnt-KS0ozE.mp4": {
            "size": 2.1230363845825195
        },
        "Intro-y3JcRIfX5Ao.mp4": {
            "size": 5.771598815917969
        },
        "Iron Maiden - Where Eagles Dare _HD-46TKmvPDGGs.mp4": {
            "size": 14.893129348754883
        },
        "Is There Something On Your Mind ~ Jack Scott (1961)-wCiRBkJe8B8.mp4": {
            "size": 5.174897193908691
        },
        "Isa\u00edas Lucero - Sonora y sus ojos negros ft. Hermanos Vega Jr. (Ac\u00fastico)-yQts6YCktmc.mp4": {
            "size": 16.249295234680176
        },
        "It Used To Be Me-KuzGRhuNpMg.mp4": {
            "size": 8.321878433227539
        },
        "It ~ The Gaylords (1955)-clq9wuevMkE.mp4": {
            "size": 4.103005409240723
        },
        "It's Been A Long Time-MCZbjClHc18.mp4": {
            "size": 25.731276512145996
        },
        "It's My House - DIANA ROSS '1979-QO93p3ZZ8Xw.mp4": {
            "size": 8.21692180633545
        },
        "Its Been A Long Time.mp4": {
            "size": 25.731276512145996
        }
    }
}